{"chunk_definitions":[{"row":45,"row_count":1,"visible":true,"expansion_state":0,"options":{"engine":"r","cache":true,"label":"unnamed-chunk-56"},"document_id":"F9FDF77C","chunk_id":"cjnz1exb2vxx2","chunk_label":"unnamed-chunk-1"},{"row":61,"row_count":1,"visible":true,"expansion_state":0,"options":{"engine":"r","cache":true,"label":"unnamed-chunk-57"},"document_id":"F9FDF77C","chunk_id":"cfknynsfgzicu","chunk_label":"unnamed-chunk-2"},{"row":69,"row_count":1,"visible":true,"expansion_state":0,"options":{"engine":"r","echo":false,"label":"unnamed-chunk-58"},"document_id":"F9FDF77C","chunk_id":"cf7cj3invhsxg","chunk_label":"unnamed-chunk-3"},{"row":74,"row_count":1,"visible":true,"expansion_state":0,"options":{"engine":"r","echo":false,"label":"unnamed-chunk-59"},"document_id":"F9FDF77C","chunk_id":"c67tsm6pto11v","chunk_label":"unnamed-chunk-4"},{"row":83,"row_count":1,"visible":true,"expansion_state":0,"options":{"engine":"r","label":"unnamed-chunk-60"},"document_id":"F9FDF77C","chunk_id":"c8t0blyganyju","chunk_label":"unnamed-chunk-5"},{"row":87,"row_count":1,"visible":true,"expansion_state":0,"options":{"engine":"r","label":"unnamed-chunk-61"},"document_id":"F9FDF77C","chunk_id":"cez94hkrffucw","chunk_label":"unnamed-chunk-6"},{"row":96,"row_count":1,"visible":true,"expansion_state":0,"options":{"engine":"r","label":"unnamed-chunk-64"},"document_id":"F9FDF77C","chunk_id":"csdf3ehkqwjt8","chunk_label":"unnamed-chunk-7"},{"row":100,"row_count":1,"visible":true,"expansion_state":0,"options":{"engine":"r","label":"unnamed-chunk-65"},"document_id":"F9FDF77C","chunk_id":"cazriyvwjhpt4","chunk_label":"unnamed-chunk-8"},{"row":103,"row_count":1,"visible":true,"expansion_state":0,"options":{"engine":"r","label":"unnamed-chunk-66"},"document_id":"F9FDF77C","chunk_id":"c035h7uqi08kx","chunk_label":"unnamed-chunk-9"},{"row":109,"row_count":1,"visible":true,"expansion_state":0,"options":{"engine":"r","label":"unnamed-chunk-67"},"document_id":"F9FDF77C","chunk_id":"c9qb5jxck4cpe","chunk_label":"unnamed-chunk-10"},{"row":113,"row_count":1,"visible":true,"expansion_state":0,"options":{"engine":"r","label":"unnamed-chunk-68"},"document_id":"F9FDF77C","chunk_id":"cq1g2to5t33bi","chunk_label":"unnamed-chunk-11"},{"row":127,"row_count":1,"visible":true,"expansion_state":0,"options":{"engine":"r","label":"unnamed-chunk-71"},"document_id":"F9FDF77C","chunk_id":"cymnl7x3carkd","chunk_label":"unnamed-chunk-12"},{"row":133,"row_count":1,"visible":true,"expansion_state":0,"options":{"engine":"r","label":"unnamed-chunk-70"},"document_id":"F9FDF77C","chunk_id":"cb278v4nkenxu","chunk_label":"unnamed-chunk-13"},{"row":141,"row_count":1,"visible":true,"expansion_state":0,"options":{"engine":"r","label":"unnamed-chunk-72"},"document_id":"F9FDF77C","chunk_id":"cbtpnafn63vhv","chunk_label":"unnamed-chunk-14"},{"row":145,"row_count":1,"visible":true,"expansion_state":0,"options":{"engine":"r","label":"unnamed-chunk-73"},"document_id":"F9FDF77C","chunk_id":"czkq4wutvjg1o","chunk_label":"unnamed-chunk-15"},{"row":150,"row_count":1,"visible":true,"expansion_state":0,"options":{"engine":"r","label":"unnamed-chunk-74"},"document_id":"F9FDF77C","chunk_id":"c9inumm314aka","chunk_label":"unnamed-chunk-16"},{"row":157,"row_count":1,"visible":true,"expansion_state":0,"options":{"engine":"r","label":"unnamed-chunk-76"},"document_id":"F9FDF77C","chunk_id":"cq3rl9bmeb7aw","chunk_label":"unnamed-chunk-17"},{"row":162,"row_count":1,"visible":true,"expansion_state":0,"options":{"engine":"r","label":"unnamed-chunk-79"},"document_id":"F9FDF77C","chunk_id":"cvdk5vc7nw0eg","chunk_label":"unnamed-chunk-18"},{"row":195,"row_count":1,"visible":true,"expansion_state":0,"options":{"engine":"r","echo":false,"label":"unnamed-chunk-43"},"document_id":"F9FDF77C","chunk_id":"c2axfctck9gay","chunk_label":"unnamed-chunk-19"},{"row":202,"row_count":1,"visible":true,"expansion_state":0,"options":{"engine":"r","label":"unnamed-chunk-44"},"document_id":"F9FDF77C","chunk_id":"c6mnxoyrgselt","chunk_label":"unnamed-chunk-20"},{"row":213,"row_count":1,"visible":true,"expansion_state":0,"options":{"engine":"r","label":"unnamed-chunk-53"},"document_id":"F9FDF77C","chunk_id":"cijo8kdcxjizr","chunk_label":"unnamed-chunk-21"},{"row":218,"row_count":1,"visible":true,"expansion_state":0,"options":{"engine":"r","label":"unnamed-chunk-54"},"document_id":"F9FDF77C","chunk_id":"c0sjtm67xk4ou","chunk_label":"unnamed-chunk-22"}],"doc_write_time":1601923696,"chunk_rendered_width":700}