<?xml version="1.0" encoding="utf-8" standalone="yes"?>
<rss version="2.0" xmlns:atom="http://www.w3.org/2005/Atom">
  <channel>
    <title>Posts on Josh Howard&#39;s New Blog Site</title>
    <link>/post/</link>
    <description>Recent content in Posts on Josh Howard&#39;s New Blog Site</description>
    <generator>Hugo -- gohugo.io</generator>
    <language>en-us</language>
    <lastBuildDate>Mon, 05 Oct 2020 00:00:00 +0000</lastBuildDate><atom:link href="/post/index.xml" rel="self" type="application/rss+xml" />
    <item>
      <title>Final Presentation</title>
      <link>/2020/10/05/dcs-510-final-presentation/</link>
      <pubDate>Mon, 05 Oct 2020 00:00:00 +0000</pubDate>
      
      <guid>/2020/10/05/dcs-510-final-presentation/</guid>
      <description>Abstract: Fantasy Football has become one of the most popular games within the NFL season. With the development of website platforms booming, fantasy has reached to even those who know very little about the actual game of football itself. It was reported in 2018 that fantasy football is a $7 billion industry and continues to grow. It makes sense then, that being able to predict future performance would not only be important to winning games, but potentially financially important as well.</description>
    </item>
    
    <item>
      <title>Final Presentation</title>
      <link>/2020/10/05/dcs-510-final-presentation/</link>
      <pubDate>Mon, 05 Oct 2020 00:00:00 +0000</pubDate>
      
      <guid>/2020/10/05/dcs-510-final-presentation/</guid>
      <description>Abstract: Fantasy Football has become one of the most popular games within the NFL season. With the development of website platforms booming, fantasy has reached to even those who know very little about the actual game of football itself. It was reported in 2018 that fantasy football is a $7 billion industry and continues to grow. It makes sense then, that being able to predict future performance would not only be important to winning games, but potentially financially important as well.</description>
    </item>
    
    <item>
      <title>Final Presentation</title>
      <link>/2020/10/05/dcs-510-final-presentation/</link>
      <pubDate>Mon, 05 Oct 2020 00:00:00 +0000</pubDate>
      
      <guid>/2020/10/05/dcs-510-final-presentation/</guid>
      <description>Abstract: Fantasy Football has become one of the most popular games within the NFL season. With the development of website platforms booming, fantasy has reached to even those who know very little about the actual game of football itself. It was reported in 2018 that fantasy football is a $7 billion industry and continues to grow. It makes sense then, that being able to predict future performance would not only be important to winning games, but potentially financially important as well.</description>
    </item>
    
  </channel>
</rss>
