"0","#Added in a col for total touches"
"0","trimmedskill <- trimmedskill%>%mutate(totalTouches = recRec+rushCarries)"
"0","#Create a RB only and WR/TE only df"
"0","rbTrimmed <- trimmedskill%>%filter(position==""RB"")"
"0","recTrimmed <- trimmedskill%>%filter(position!=""RB"")"
"0","#Create a tibble of recTrimmed that only grabs relevant info for points."
"0","recNumbers <- recTrimmed%>%select(recTarg, recRec, recYds, recTds, totalTouches, fantasyPts)"
"0","#Create a tibble of rbTrimmed that only grabs relevant info for points."
"0","rbNumbers <- rbTrimmed%>%select(recRec, recYds, recTds, rushCarries, rushYds, rushTds, totalTouches, fantasyPts)"
"0","#Create an ifelse in order to see higher than median receptions among RBs"
"0","rbTimmed <- rbTrimmed%>%mutate(high_rec = ifelse(recRec>median(rbTrimmed$recRec), 'Yes', ""No""))"
