<?xml version="1.0" encoding="utf-8" standalone="yes"?>
<rss version="2.0" xmlns:atom="http://www.w3.org/2005/Atom">
  <channel>
    <title>Josh Howard&#39;s New Blog Site</title>
    <link>/</link>
    <description>Recent content on Josh Howard&#39;s New Blog Site</description>
    <generator>Hugo -- gohugo.io</generator>
    <language>en-us</language>
    <lastBuildDate>Mon, 05 Oct 2020 00:00:00 +0000</lastBuildDate><atom:link href="/index.xml" rel="self" type="application/rss+xml" />
    <item>
      <title>About</title>
      <link>/about/</link>
      <pubDate>Mon, 05 Oct 2020 21:48:51 -0700</pubDate>
      
      <guid>/about/</guid>
      <description>About the author: Hi I&amp;rsquo;m Josh Howard. I am a high school math teacher as well as basketball and baseball coach. I been married for 12 years and have a 3 year old son who keeps me busy. I love spending time with my family and watching my son grow up. I am a graduate of UNC (Go Heels!) and I am currently enrolled at Carolina University studying Data Science. One of my favorite hobbies is fantasy football and I really enjoy trying to find patterns in the numbers behind the game.</description>
    </item>
    
    <item>
      <title>Final Presentation</title>
      <link>/2020/10/05/dcs-510-final-presentation/</link>
      <pubDate>Mon, 05 Oct 2020 00:00:00 +0000</pubDate>
      
      <guid>/2020/10/05/dcs-510-final-presentation/</guid>
      <description>Abstract: Fantasy Football has become one of the most popular games within the NFL season. With the development of website platforms booming, fantasy has reached to even those who know very little about the actual game of football itself. It was reported in 2018 that fantasy football is a $7 billion industry and continues to grow. It makes sense then, that being able to predict future performance would not only be important to winning games, but potentially financially important as well.</description>
    </item>
    
    <item>
      <title>Final Presentation</title>
      <link>/2020/10/05/dcs-510-final-presentation/</link>
      <pubDate>Mon, 05 Oct 2020 00:00:00 +0000</pubDate>
      
      <guid>/2020/10/05/dcs-510-final-presentation/</guid>
      <description>Abstract: Fantasy Football has become one of the most popular games within the NFL season. With the development of website platforms booming, fantasy has reached to even those who know very little about the actual game of football itself. It was reported in 2018 that fantasy football is a $7 billion industry and continues to grow. It makes sense then, that being able to predict future performance would not only be important to winning games, but potentially financially important as well.</description>
    </item>
    
    <item>
      <title>Final Presentation</title>
      <link>/2020/10/05/dcs-510-final-presentation/</link>
      <pubDate>Mon, 05 Oct 2020 00:00:00 +0000</pubDate>
      
      <guid>/2020/10/05/dcs-510-final-presentation/</guid>
      <description>Abstract: Fantasy Football has become one of the most popular games within the NFL season. With the development of website platforms booming, fantasy has reached to even those who know very little about the actual game of football itself. It was reported in 2018 that fantasy football is a $7 billion industry and continues to grow. It makes sense then, that being able to predict future performance would not only be important to winning games, but potentially financially important as well.</description>
    </item>
    
  </channel>
</rss>
